<?xml version="1.0" encoding="UTF-8"?>
<SystemProperties><SystemName>CN04-63151</SystemName><SerialNo>04-63151</SerialNo><UsedMedia><Media path="C:\PROGRAM FILES (X86)\ABB INDUSTRIAL IT\ROBOTICS IT\MEDIAPOOL\ROBOTWARE_5.15.8017" name="RobotWare" version="5.15.8017.08"></Media></UsedMedia><ControlModule><Key>SQwwMB5ifiww-ww63Qw4n-www5</Key><SignatureNr>175</SignatureNr><Category descr="OS">RobotWare OS and English</Category><Category descr="Languages">644-3 Spanish</Category><Category descr="Options">709-x DeviceNet</Category><Category descr="Options">748-1 DeviceNet Lean</Category><Category descr="Options">841-1 EtherNet/IP m/s</Category><Category descr="Options">608-1 World Zones</Category><Category descr="Options">611-1 Path Recovery</Category><Category descr="Options">885-1 SoftMove</Category><Category descr="Options">613-1 Collision Detection</Category><Category descr="Options">616-1 PC Interface</Category><Category descr="Options">617-1 FlexPendant Interface</Category><Category descr="Options">623-1 Multitasking</Category><Category descr="Options">897-1 Robot Reference Interface</Category><Category descr="Languages">645-2 German</Category><Category descr="Suboptions">709-1 Master/Slave Single</Category><Category descr="Suboptions">905-1 Ethernet multiport</Category><Option descr="RW Control module key"></Option><Option descr="RobotWare OS and English"></Option><Option descr="644-3 Spanish"><SubOption descr="645-2 German"></SubOption></Option><Option descr="709-x DeviceNet"><SubOption descr="709-1 Master/Slave Single"></SubOption></Option><Option descr="748-1 DeviceNet Lean"></Option><Option descr="841-1 EtherNet/IP m/s"><SubOption descr="905-1 Ethernet multiport"></SubOption></Option><Option descr="608-1 World Zones"></Option><Option descr="611-1 Path Recovery"></Option><Option descr="885-1 SoftMove"></Option><Option descr="613-1 Collision Detection"></Option><Option descr="616-1 PC Interface"></Option><Option descr="617-1 FlexPendant Interface"></Option><Option descr="623-1 Multitasking"></Option><Option descr="897-1 Robot Reference Interface"></Option></ControlModule><DriveModule><Name>DriveModule1</Name><Key>DBviGBKjJRhxRK</Key><SignatureNr>168</SignatureNr><Category descr="Manipulators">ABB standard manipulator</Category><Category descr="Manipulators">Drive System 09 120/140/1400/1600/260 Compact</Category><Category descr="Manipulators">IRB 1600</Category><Category descr="Manipulators">IRB 1600ID</Category><Category descr="Variants">1600ID-4/1.5</Category><Category descr="Drives">1-Phase Power Supply</Category><Category descr="Drives">No additional drive</Category><Option descr="RW Drive module 1 key"></Option><Option descr="ABB standard manipulator"><SubOption descr="IRB 1600"><SubOption descr="IRB 1600ID"><SubOption descr="1600ID-4/1.5"></SubOption></SubOption></SubOption></Option><Option descr="Drive System 09 120/140/1400/1600/260 Compact"><SubOption descr="1-Phase Power Supply"><SubOption descr="No additional drive"></SubOption></SubOption></Option></DriveModule></SystemProperties>
