<?xml version="1.0" encoding="UTF-8"?><SystemProperties><SystemName>System.6.MIT</SystemName><SerialNo>INTERNAL_USE</SerialNo><UsedMedia><Media path="RobotWare_6.03.0140" name="RobotWare" version="6.03.0140" /></UsedMedia><ControlModule><Option descr="RobotWare Base"></Option><Option descr="687-1 Advanced Robot Motion"></Option><Option descr="624-1 Continuous Application Platform"></Option><Option descr="613-1 Collision Detection"></Option><Option descr="709-1 DeviceNet Master/Slave"></Option><Option descr="841-1 EtherNet/IP Scanner/Adapter"></Option><Option descr="689-1 Externally Guided Motion (EGM)"></Option><Option descr="617-1 FlexPendant Interface"></Option><Option descr="614-1 FTP and NFS client"></Option><Option descr="623-1 Multitasking"></Option><Option descr="612-1 Path Offset"></Option><Option descr="611-1 Path Recovery"></Option><Option descr="616-1 PC Interface"></Option><Option descr="688-1 RobotStudio App Connect"></Option><Option descr="885-1 SoftMove"></Option><Option descr="608-1 World Zones"></Option><Option descr="English"></Option></ControlModule><DriveModule><Name>Robot1</Name><Option descr="IRB 1600ID-4/1.5"></Option><Option descr="Drive System IRB 120/140/260/360/910SC/1200/1400/1520/1600 IRC5 Compact"></Option></DriveModule></SystemProperties>