<?xml version="1.0" encoding="utf-8" ?>
<Configuration>
<Enums>
<Enum Name="OperationMode" Link="Intern">
<Member Name="Automatic" Alias="Auto" />
<Member Name="ReducedSpeed" Alias="ManRS" />
<Member Name="FullSpeed" Alias="ManFS" />
</Enum>
</Enums>
<Records>
<Record Name="RobotData">
<Field Name="FeedbackTime" Type="Time" Link="Intern"
Alias="Ts_act" />
<Field Name="FeedbackPose" Type="Frame" Link="Intern"
Alias="P_act" />
<Field Name="FeedbackJoints" Type="Joints" Link="Intern"
Alias="J_act" />
<Field Name="PredictedTime" Type="Time" Link="Intern"
Alias="Ts_des" />
<Field Name="PlannedPose" Type="Frame" Link="Intern"
Alias="P_des" />
<Field Name="PlannedJoints" Type="Joints" Link="Intern"
Alias="J_des" />
<Field Name="ApplicationData" Type="Real" Alias="AppData" />
</Record>
</Records>
<Properties>
<Property Name="RobData" Type="RobotData" Flag="WriteOnly"/>
</Properties>
</Configuration>
